"rgn_id","pressure_score"
4,0.315928457972353
3,0.315928457972353
2,0.315928457972353
1,0.315928457972353
10,0.315928457972353
7,0.315928457972353
11,0.315928457972353
8,0.315928457972353
6,0.315928457972353
9,0.315928457972353
5,0.315928457972353
