"rgn_id","pressure_score"
4,0.128748184722626
3,0.128748184722626
2,0.128748184722626
1,0.128748184722626
10,0.128748184722626
7,0.128748184722626
11,0.128748184722626
8,0.128748184722626
6,0.128748184722626
9,0.128748184722626
5,0.128748184722626
