"rgn_id","pressure_score"
4,0.794908943301005
3,0.794908943301005
2,0.794908943301005
1,0.794908943301005
10,0.794908943301005
7,0.794908943301005
11,0.794908943301005
8,0.794908943301005
6,0.794908943301005
9,0.794908943301005
5,0.794908943301005
