"rgn_id","trend.score"
4,0.127015383706281
3,0.127015383706281
2,0.127015383706281
1,0.127015383706281
10,0.127015383706281
7,0.127015383706281
11,0.127015383706281
8,0.127015383706281
6,0.127015383706281
9,0.127015383706281
5,0.127015383706281
