"rgn_id","tonnes"
1,1.37925e+06
2,254708
3,46773.6
4,2.66085e+06
5,567856
6,23838.5
7,3.09185e+06
8,2.00713e+06
9,1.68452e+06
10,692398
11,970921
