"rgn_id","resilience.score"
4,0.632239850324773
3,0.632239850324773
2,0.632239850324773
1,0.632239850324773
10,0.632239850324773
7,0.632239850324773
11,0.632239850324773
8,0.632239850324773
6,0.632239850324773
9,0.632239850324773
5,0.632239850324773
