"rgn_id","resilience.score"
4,0.607653133766364
3,0.607653133766364
2,0.607653133766364
1,0.607653133766364
10,0.607653133766364
7,0.607653133766364
11,0.607653133766364
8,0.607653133766364
6,0.607653133766364
9,0.607653133766364
5,0.607653133766364
