"rgn_id","pressures.score"
4,0.00327256749422
3,0.00327256749422
2,0.00327256749422
1,0.00327256749422
10,0.00327256749422
7,0.00327256749422
11,0.00327256749422
8,0.00327256749422
6,0.00327256749422
9,0.00327256749422
5,0.00327256749422
