"rgn_id","pressure_score"
4,0.149373596851221
3,0.149373596851221
2,0.149373596851221
1,0.149373596851221
10,0.149373596851221
7,0.149373596851221
11,0.149373596851221
8,0.149373596851221
6,0.149373596851221
9,0.149373596851221
5,0.149373596851221
