"rgn_id","pressure_score"
4,0.276776597495604
3,0.276776597495604
2,0.276776597495604
1,0.276776597495604
10,0.276776597495604
7,0.276776597495604
11,0.276776597495604
8,0.276776597495604
6,0.276776597495604
9,0.276776597495604
5,0.276776597495604
