"rgn_id","pressure_score"
4,0.609322263170568
3,0.609322263170568
2,0.609322263170568
1,0.609322263170568
10,0.609322263170568
7,0.609322263170568
11,0.609322263170568
8,0.609322263170568
6,0.609322263170568
9,0.609322263170568
5,0.609322263170568
