"rgn_id","w_fis"
4,0.392934561421624
3,0.392934561421624
2,0.392934561421624
1,0.392934561421624
10,0.392934561421624
7,0.392934561421624
11,0.392934561421624
8,0.392934561421624
6,0.392934561421624
9,0.392934561421624
5,0.392934561421624
