"rgn_id","resilience.score"
4,0.954545454545455
3,0.954545454545455
2,0.954545454545455
1,0.954545454545455
10,0.954545454545455
7,0.954545454545455
11,0.954545454545455
8,0.954545454545455
6,0.954545454545455
9,0.954545454545455
5,0.954545454545455
