"rgn_id","pressure_score"
1,0.00569269661213624
2,0.00250600518186465
3,0.0650072803843425
4,0.0189913676597846
5,0.0290716442569096
6,0.0152700003805527
7,0.0206353529834516
8,0.0211155495877106
9,0.00168759682719449
10,0.0023977117983778
11,0.0105107943276752
