"rgn_id","value"
4,0.003272567
3,0.003272567
2,0.003272567
1,0.003272567
10,0.003272567
7,0.003272567
11,0.003272567
8,0.003272567
6,0.003272567
9,0.003272567
5,0.003272567
