"rgn_id","score"
4,0.736428571428571
3,0.736428571428571
2,0.736428571428571
1,0.736428571428571
10,0.736428571428571
7,0.736428571428571
11,0.736428571428571
8,0.736428571428571
6,0.736428571428571
9,0.736428571428571
5,0.736428571428571
