"rgn_id","resilience.score"
4,0.778670806456
3,0.778670806456
2,0.778670806456
1,0.778670806456
10,0.778670806456
7,0.778670806456
11,0.778670806456
8,0.778670806456
6,0.778670806456
9,0.778670806456
5,0.778670806456
