"rgn_id","score"
4,0.018723434568898
3,0.018723434568898
2,0.018723434568898
1,0.018723434568898
10,0.018723434568898
7,0.018723434568898
11,0.018723434568898
8,0.018723434568898
6,0.018723434568898
9,0.018723434568898
5,0.018723434568898
