"rgn_id","pressure_score"
4,0.315764183800307
3,0.315764183800307
2,0.315764183800307
1,0.315764183800307
10,0.315764183800307
7,0.315764183800307
11,0.315764183800307
8,0.315764183800307
6,0.315764183800307
9,0.315764183800307
5,0.315764183800307
