"rgn_id","pressure_score"
4,0.775714340636794
3,0.775714340636794
2,0.775714340636794
1,0.775714340636794
10,0.775714340636794
7,0.775714340636794
11,0.775714340636794
8,0.775714340636794
6,0.775714340636794
9,0.775714340636794
5,0.775714340636794
