"rgn_id","pressure_score"
4,0.934301421204599
3,0.934301421204599
2,0.934301421204599
1,0.934301421204599
10,0.934301421204599
7,0.934301421204599
11,0.934301421204599
8,0.934301421204599
6,0.934301421204599
9,0.934301421204599
5,0.934301421204599
