"rgn_id","pressures.score"
4,0.048547929491894
3,0.048547929491894
2,0.048547929491894
1,0.048547929491894
10,0.048547929491894
7,0.048547929491894
11,0.048547929491894
8,0.048547929491894
6,0.048547929491894
9,0.048547929491894
5,0.048547929491894
