"rgn_id","score"
4,0.845809296480868
3,0.845809296480868
2,0.845809296480868
1,0.845809296480868
10,0.845809296480868
7,0.845809296480868
11,0.845809296480868
8,0.845809296480868
6,0.845809296480868
9,0.845809296480868
5,0.845809296480868
