"rgn_id","score"
4,0.859653704139332
3,0.859653704139332
2,0.859653704139332
1,0.859653704139332
10,0.859653704139332
7,0.859653704139332
11,0.859653704139332
8,0.859653704139332
6,0.859653704139332
9,0.859653704139332
5,0.859653704139332
