"rgn_id","score"
4,0.398364166833743
3,0.398364166833743
2,0.398364166833743
1,0.398364166833743
10,0.398364166833743
7,0.398364166833743
11,0.398364166833743
8,0.398364166833743
6,0.398364166833743
9,0.398364166833743
5,0.398364166833743
