"rgn_id","resilience.score"
4,0.694444444444333
3,0.694444444444333
2,0.694444444444333
1,0.694444444444333
10,0.694444444444333
7,0.694444444444333
11,0.694444444444333
8,0.694444444444333
6,0.694444444444333
9,0.694444444444333
5,0.694444444444333
