"rgn_id","pressure_score"
4,0.748595
3,0.748595
2,0.748595
1,0.748595
10,0.748595
7,0.748595
11,0.748595
8,0.748595
6,0.748595
9,0.748595
5,0.748595
