"rgn_id","trend"
4,0.04921536213134
3,0.04921536213134
2,0.04921536213134
1,0.04921536213134
10,0.04921536213134
7,0.04921536213134
11,0.04921536213134
8,0.04921536213134
6,0.04921536213134
9,0.04921536213134
5,0.04921536213134
