"rgn_id","trend"
4,0.00220921468699075
3,0.00220921468699075
2,0.00220921468699075
1,0.00220921468699075
10,0.00220921468699075
7,0.00220921468699075
11,0.00220921468699075
8,0.00220921468699075
6,0.00220921468699075
9,0.00220921468699075
5,0.00220921468699075
