"rgn_id","resilience.score"
4,0.610513089140197
3,0.610513089140197
2,0.610513089140197
1,0.610513089140197
10,0.610513089140197
7,0.610513089140197
11,0.610513089140197
8,0.610513089140197
6,0.610513089140197
9,0.610513089140197
5,0.610513089140197
