"rgn_id","resilience.score"
4,0.958333333333333
3,0.958333333333333
2,0.958333333333333
1,0.958333333333333
10,0.958333333333333
7,0.958333333333333
11,0.958333333333333
8,0.958333333333333
6,0.958333333333333
9,0.958333333333333
5,0.958333333333333
