"rgn_id","pressure_score"
4,0.110091363874116
3,0.110091363874116
2,0.110091363874116
1,0.110091363874116
10,0.110091363874116
7,0.110091363874116
11,0.110091363874116
8,0.110091363874116
6,0.110091363874116
9,0.110091363874116
5,0.110091363874116
