"rgn_id","pressure_score"
4,0.254693
3,0.254693
2,0.254693
1,0.254693
10,0.254693
7,0.254693
11,0.254693
8,0.254693
6,0.254693
9,0.254693
5,0.254693
