"rgn_id","pressure_score"
4,0.0383144
3,0.0383144
2,0.0383144
1,0.0383144
10,0.0383144
7,0.0383144
11,0.0383144
8,0.0383144
6,0.0383144
9,0.0383144
5,0.0383144
