"rgn_id","score"
4,-0.254331358915499
3,-0.254331358915499
2,-0.254331358915499
1,-0.254331358915499
10,-0.254331358915499
7,-0.254331358915499
11,-0.254331358915499
8,-0.254331358915499
6,-0.254331358915499
9,-0.254331358915499
5,-0.254331358915499
