"rgn_id","score"
4,0.601635833166257
3,0.601635833166257
2,0.601635833166257
1,0.601635833166257
10,0.601635833166257
7,0.601635833166257
11,0.601635833166257
8,0.601635833166257
6,0.601635833166257
9,0.601635833166257
5,0.601635833166257
