"rgn_id","score"
1,0.285858
2,0.285858
3,0.285858
4,0.285858
5,0.285858
6,0.285858
7,0.285858
8,0.285858
9,0.285858
10,0.285858
11,0.285858
